no,coupon
1,036KWNX0V
2,04SQ4C7NJ
3,0860CMDZA
4,090SMLHN9
5,09LJ9IKI0
6,0A9F9UB0Z
7,0D36M8KFO
8,0EKPG8CT1
9,0JD2G7QMM
10,0JIXATWNF
11,0JQ6WQ96R
12,0NXREEZGT
13,0O31S8KIT
14,0OHL65QNQ
15,0QKOVYSKC
16,0R4A1RBYN
17,0T13M61GV
18,0UKDVZGAL
19,0UQILENI3
20,0VG38EAND
21,0WKQI89UU
22,0XA69Y2O4
23,132JX1YJ6
24,18OQ42IAV
25,19VDEOS09
26,1A2EKCMB6
27,1AR7NMAKW
28,1CQEOEQW5
29,1DG3VLNTL
30,1EB91PMCM
31,1EU4DU60J
32,1FOMGLWEE
33,1G0U3N5EZ
34,1HJFQZGG6
35,1IEPGGO1B
36,1J1TZLOYM
37,1J7XIYT93
38,1JRZX5HKO
39,1O6JGJJJF
40,1ORUPOIYS
41,1OXP3FZ21
42,1Q5M0RXWH
43,1SGIW6A9N
44,1SVWQ07G7
45,1TWRZW6KQ
46,1U7HFA3SY
47,1W74GBYI2
48,1WHGAXJFA
49,1XU61SZ2I
50,219XINAZR
51,23FJ7GQSV
52,25GUKOLJK
53,25XOJXER2
54,25ZFHZQE6
55,26B31NGSP
56,26TUYOPTG
57,2756EV27G
58,275BWABQD
59,2936H2H77
60,29V4FQ7KI
61,2AC7EFJDA
62,2B40V9WKG
63,2B66D3EEL
64,2D3IY137O
65,2DTACC0FM
66,2ET12IHJL
67,2FRRUH1P1
68,2HKA48ZT8
69,2IWOW1NJ2
70,2J7X9K9BH
71,2JC1JO4QM
72,2JGI60L7P
73,2KLTRNZOJ
74,2MOX0H3UZ
75,2SOYVRKM3
76,2UEAF2475
77,2UJ9AL3H2
78,307MPSQAD
79,30G2NKOUC
80,31VA8NKFC
81,32DHB4SII
82,3370C94AM
83,33NYTR0F0
84,33SR9NVXN
85,33TBJ118S
86,35A0BCZR6
87,363CEVESX
88,372C1XIQ9
89,38O903QB3
90,390NGP2SC
91,3AF10Q8D7
92,3AROVCOHX
93,3BURHKHIU
94,3BXO24F7N
95,3CIF00LG4
96,3D8I0QJTF
97,3DQP202X9
98,3E3TQT3WT
99,3EPEEUC2U
100,3FEB5DN7U
101,3GW9B0653
102,3JS4HF6LV
103,3JURW7VPK
104,3LVGJI7SZ
105,3MXT948NW
106,3N6AI3JJ5
107,3P1YWNHB9
108,3P7N3JSLA
109,3Q1753KV2
110,3RIY215J5
111,3SB1KJLNF
112,3VESHVZ2V
113,3WDIDINI0
114,3X0JOM118
115,3XPBKLNUS
116,41269OHF1
117,41QMERLFQ
118,41WDB59HD
119,41XH0O3WR
120,42H3ZFWJW
121,4321TSNJS
122,43KGDA2PZ
123,45G8CQSXS
124,479YJNNQW
125,4987DSPH2
126,49VBN0F83
127,4BKUVQ55Z
128,4CFK77SN0
129,4D1RDIZQD
130,4D28GXLCN
131,4DFS154Y6
132,4EMRQ05N0
133,4F5HH91GZ
134,4G6V15U1F
135,4H4H0HSAL
136,4IZ7TO8C4
137,4JN22FSMK
138,4K1WN6LTI
139,4NGOU9N9N
140,4NWM5Z125
141,4O85U8DQO
142,4PVGJHWMN
143,4S8M3OKEK
144,4SZ0OXI87
145,4TIQ6C7MD
146,4TSSABBFJ
147,4U84ABRH7
148,4UO7VLQLU
149,4V22R6ZPO
150,4WMQVA0OJ
151,4X9KJDVVZ
152,4YWU0TK2F
153,4Z2FZKEMH
154,4ZH61YWY8
155,51K06KSPZ
156,51X4J276M
157,539OESR1J
158,53IX7D684
159,56G622UW0
160,5730SLAMI
161,59T71LSL4
162,5AGFN8XAG
163,5AUVPFQUK
164,5B3GJ6QQL
165,5BXXIRT2A
166,5CNU4Y5GT
167,5CTJDJLR9
168,5H4I1KTTK
169,5HFISYXNC
170,5HSR71GZC
171,5J8RD40GC
172,5JCV8LKNN
173,5K4BT2QAM
174,5KYPXNL3T
175,5L47MJEEA
176,5N1NRERN6
177,5NJSK5XIJ
178,5NSX3RJTS
179,5OEFL72E5
180,5OFJVIP5K
181,5REAWUJ13
182,5VRJJ0B7F
183,5Z618EO14
184,5ZBC2X00J
185,5ZTIARQQJ
186,6211NX3H4
187,6248HOP01
188,63VYZG2CH
189,64999YFKS
190,64GJ8MMIV
191,64M5ZIV89
192,64XK7AYKM
193,65OC7JY8E
194,65YJ49GSA
195,676IGF62B
196,69ME9AE5C
197,69QY9J0F6
198,6BGSPMHQD
199,6BZDNY43G
200,6DFEF26CZ
201,6DG74YI50
202,6FOFC6680
203,6H0K016ZK
204,6JISHM6PF
205,6KUADNVMN
206,6L3FS4LWW
207,6LYM604I6
208,6MCB7F890
209,6MPV1BSYO
210,6OH6JV8SH
211,6QPMQU0IA
212,6RPZFV5OM
213,6RZO8T2YU
214,6UQ7BQKNL
215,6V5S4UH2I
216,6W0PB7LLM
217,6WK349QST
218,6X9V3MRXU
219,6XG806BRQ
220,6ZKMFSJXQ
221,70H1KA1BN
222,70NS8UKCX
223,70YFW1Z4R
224,72DY1FGHY
225,72WJ9EF18
226,74R38H81Z
227,77829SCM2
228,78XLH93XF
229,7B589GWKT
230,7B5HUHHAH
231,7DA49H96W
232,7G4M6U54S
233,7HQ2RX1FK
234,7K7IM5617
235,7M5IG6VTU
236,7OXXHEPCR
237,7PVACSV8C
238,7PVUA8KFM
239,7QRA8FK5O
240,7VTKGI9D6
241,7VVARN6E7
242,7W0CC6UUL
243,7Z2FO1TV0
244,7ZHHEVSS7
245,81I2YYBFU
246,81V1NMRJI
247,81Z1K2MU1
248,82WRQVGNF
249,83BZ2N402
250,84JTFNPUF
251,84T8B1NB1
252,886XEZQAP
253,887RIM5JY
254,88Z6C7UYO
255,8BPJG5CX6
256,8C0HVI7Q6
257,8C4BH7KX8
258,8EYIU9S95
259,8FBHNLYKK
260,8HDUXOWYV
261,8HZCZTWHR
262,8JGTDGLLO
263,8K1EHFQ0A
264,8K4HY5SN8
265,8KYTPO2WD
266,8LVE8XAYL
267,8OIEC0EYE
268,8PYQ6IYZ9
269,8Q5Z7Z6FZ
270,8S63UA3X0
271,8TH5CFS21
272,8TO0LP2ME
273,8W74B6ZZ2
274,8WA5FQZOA
275,8XKVI7YCO
276,8Y0HMTFDJ
277,8ZVM9Z4PC
278,91N8GQGI4
279,935NNF3B8
280,95QWQ7JYZ
281,96WEOH327
282,97LWQ63KB
283,99U0IBQIE
284,9BB8652YU
285,9BIP0IT8T
286,9ENQ3XPJV
287,9FJG4XCQV
288,9FOZYN5Q6
289,9FY1CWMI3
290,9G4S0RE81
291,9GSFMA8H5
292,9HSVZCWS8
293,9L7JBA7I2
294,9MB0NRIDF
295,9N31Z7RM0
296,9ND14TS4N
297,9NU4BXBBN
298,9OJ305D7J
299,9RLGYM3YS
300,9T15KVQ3O
301,9W3DXTPUC
302,9WCTCJP67
303,9WJU087G3
304,9YJMDD2YA
305,9YLMM0G1X
306,A0HITOARD
307,A27SHLQQD
308,A5WFLU11S
309,A64GCX0T3
310,A7JXOP8PM
311,A9HWG93Y3
312,A9JKDO9TH
313,AAMYBCLWP
314,AAWYDQJPC
315,AB3DEF9LS
316,AB8H996B0
317,ACFHX05A8
318,ACLIO5U73
319,AF7A18ODR
320,AKKIM2PZO
321,APUCCYT8O
322,AQ7QS2V0Z
323,AR5M3J9W3
324,AVI590JEM
325,AVRSII0Y2
326,AWTAHQ4NQ
327,AXOXYTDRK
328,AXS9DFFJW
329,AY06ZRQ21
330,B00GBFEAH
331,B1CN9FUS8
332,B1H01HLTV
333,B21QG0VUT
334,B3QTU8JZV
335,B3WOLQRB6
336,B3Z9BS1US
337,B5I9G5UIF
338,B7L1JUEQV
339,BCS9GKC61
340,BCZ3PW382
341,BDAVHBH2D
342,BDGH02ST8
343,BGW9BS2OD
344,BGYPXTS90
345,BHAPHAWBS
346,BIBAAF6YG
347,BJ3RZQZGX
348,BK5YMH9MN
349,BMJAWU92V
350,BNOOI0ROE
351,BPSN2SIG2
352,BPVWHIN40
353,BQTRTHU7F
354,BR6OZXJBB
355,BVOLCYCA7
356,BWQ1KCSIM
357,BXLOP26U6
358,BZSHLTA6Z
359,BZSV1TJR6
360,C08N9SGU0
361,C10GEKUD4
362,C1CM5H00G
363,C1H1H5AGV
364,C2RZHD37I
365,C2Y92YNMG
366,C45VB2MCX
367,C5HMEC45K
368,C613B007F
369,CABD8G60O
370,CCPQ77E81
371,CE0SLWTPD
372,CETDUACUX
373,CG0KEIZEO
374,CHGKWQTDM
375,CIB07UQEC
376,CIIY2DSQK
377,CIV08E2LF
378,CJ7O9VLI0
379,CJX7OZ9HP
380,CKC1F56DH
381,CKUHAIXYZ
382,CLNZ40D2W
383,CM6EZLF6T
384,COQ0SGMK3
385,CPRFR03NA
386,CQOFGYH1Y
387,CRG31G9KS
388,CRLSJ8TAA
389,CRZBUIH5U
390,CSYUUGNF2
391,CUT9JM9EC
392,CXBHIAPKB
393,CYBLFOFDV
394,D0AU54FP4
395,D0OP54JFB
396,D3DBV4WSN
397,D4FCXYL5Z
398,D4MXU216O
399,D4RHX1565
400,D5KTGKL4G
401,D602B8L3T
402,D64E29SHC
403,D6KF5PG5R
404,D87VSKG64
405,D98H04P02
406,D9AK7GGG6
407,DA36RW32Q
408,DBUHPDN1A
409,DD7F6XZJM
410,DF8XD9EM9
411,DKDQ9JJJ7
412,DMN44Z37D
413,DOD52QMTH
414,DPEDHQZD3
415,DQNPJV68Q
416,DR5CU0Y64
417,DT0ZWEQ12
418,DT31UHB51
419,DTAN1682B
420,DTRD9OWE7
421,DUFL8PHJJ
422,DUHCXKS4Q
423,DZH5TCOFU
424,DZV0GFO48
425,E2XWWTK46
426,E6FDHEGFK
427,E8L65PL91
428,E92G4SOGM
429,E9UIDMWAZ
430,EBMQBEKHJ
431,EGES69QLH
432,EHDZMBUJ9
433,EI0EXOUL3
434,EI1IXMK8U
435,EIOPINZ0D
436,EJV2L46D4
437,EMG5A6IJN
438,ENO9Z7DJJ
439,ER2ODKRY6
440,ET0B0JCI5
441,EUA102JTO
442,EUDWQQAUJ
443,EWD4G734O
444,EX1GSMXPC
445,EYI5J8NXI
446,EYWJG0P7A
447,EZENKZPAW
448,F4PF8B5YA
449,F4UNVUWDT
450,F6T4TUVSY
451,FC1RW1V0R
452,FCIJARW60
453,FCQV6SSUB
454,FDHQY30O7
455,FFCDQK6YA
456,FFWLI4R98
457,FGHEHSCAV
458,FGSOHCJW1
459,FHAAUIEB2
460,FI27F5RV4
461,FIARSX1LC
462,FL2ERM1OE
463,FL6WLK6SZ
464,FMQJQHDH4
465,FNCEM82UQ
466,FOMIWLF02
467,FS71PSSAY
468,FTGDBNF91
469,FUHPG1U9Y
470,FW1Y59H5B
471,FXLQ1O3PC
472,FY1WICJOU
473,FYXFJY5T7
474,FZOL6XRJM
475,G186N72I8
476,G2N8CXH62
477,G3C3D1F18
478,G547NAAJH
479,G5C0MHCR9
480,G5M1Z9IR4
481,G6PKBE0Q4
482,GA9KB8K79
483,GDZ1SRRCO
484,GGHLHO50D
485,GHUQJ1YFH
486,GJOMFKLRB
487,GJRQ8CTY6
488,GLNF8698N
489,GMCYMTBH0
490,GMD497V8C
491,GN3XHRR8E
492,GNIDYHWDM
493,GNT94YROF
494,GP4X4HMMV
495,GP8WP76AW
496,GPQQELCJ5
497,GPSIXWBXB
498,GSFP324E9
499,GUY8Z2YX7
500,GW7BHH3ZE
501,GW855X93G
502,GWDCG3O9J
503,GXUR3RWVI
504,GYZIRIVWV
505,H0S70VQ5Y
506,H237RSTDX
507,H30SQOW5N
508,H506KA38D
509,H7E0R0C4M
510,H8WBHJBOL
511,HAD38UZKN
512,HBUBEL37V
513,HBYPZRVOV
514,HEG2GF4ZH
515,HESZV4NE5
516,HFGTJAV2H
517,HG76O5YJC
518,HG7D3N2IC
519,HH8GV9NE7
520,HHW3DZDDZ
521,HKGTHHTGF
522,HMYD7H6F1
523,HNYACJ09K
524,HNYZRAABJ
525,HOZ47IZU7
526,HR04DUMGK
527,HRLJ5MB0Q
528,HRREIZ1QL
529,HT9CUSAJ4
530,HTCX7CIIA
531,HTQ28Y9S8
532,HTQUKOYBT
533,HTTORU0RK
534,HV6F08CY4
535,HXBJI9NOW
536,HY9MNHPI4
537,I0A56UVPW
538,I0G7EQBBT
539,I2UI3RILL
540,I2VKDX907
541,I6QZB2HBR
542,I89X5K9DG
543,IBLNG2QO6
544,IDPKFLVBR
545,IENXVXKG1
546,IF65WGYXJ
547,IFAC119FT
548,IFZ87EHWV
549,IGPC3TUA9
550,IJG6LX9TK
551,IJXGF75YJ
552,IKAJNJZFD
553,IL7052J9L
554,IN3RQXFSI
555,INFMPJT9H
556,IOCOR81F3
557,IOGSHV7Q0
558,IPZMYZXUH
559,IQWX9QYW8
560,IQY1ZO2KJ
561,IRNT53IPV
562,ISOXAKC2W
563,ITYQDWDC2
564,IV2PMYW87
565,IWMXUAUGR
566,IWPUNSMGP
567,IWWBTA8P2
568,IZ3AQI0X5
569,IZAI6AI09
570,IZF5IL85I
571,IZQJY7W1O
572,IZYTMXM24
573,J1172CXHL
574,J23FRF2CA
575,J268QHOBA
576,J3CZCKOYP
577,J3SMB86D7
578,J4A8WS9QA
579,J50S0OAGL
580,J5FHANATH
581,J5K9KXHC3
582,J5UHZGZSL
583,JBIDVN5GN
584,JBQG7WNO4
585,JBV151D22
586,JC17UMJ1A
587,JCG9E4LCW
588,JDN0IVS91
589,JE8IFB7FK
590,JFGKJFKVL
591,JGBCRI73H
592,JGR39Y1BB
593,JH4U6H2ZL
594,JIJZZOA9D
595,JIMMS6Q9V
596,JJZ8JFGX6
597,JK50Z0IJ3
598,JKAQMN3K9
599,JMC69FYEB
600,JMOGF6Q6A
601,JN008DXJS
602,JN7HGSWHS
603,JP1FQFHAC
604,JPZMLDXMB
605,JQ5C4AJSC
606,JQAMMWPER
607,JV55SG4IA
608,JVFT3V4K4
609,JVFVHD7PC
610,JWHHWZZ6S
611,JX2O08OFY
612,JYTFGNEUN
613,JZ0CYKNI9
614,K0MN7041W
615,K1C37MHYH
616,K2ZBAR0NL
617,K3XPKFIQ5
618,K6PMOCSID
619,K77AIUP0T
620,K7BD1WYIB
621,K7LWBTTN0
622,K7SEH129P
623,K80CDU6VX
624,K8QLBNF2J
625,K9CDU8YGL
626,KAKXUSBFB
627,KAM72ALT1
628,KBPD4LNI1
629,KCIXBGU82
630,KGVRBD9A3
631,KH5MKK75N
632,KHK6L5QUE
633,KI5SKIH0Q
634,KJDXU9O9W
635,KK8O0LJUH
636,KLNMDYG1O
637,KLOOGX4T9
638,KM7ESA4R0
639,KM9GE0QKS
640,KMO2E8GCU
641,KOIR3QH5T
642,KOXM8MAY0
643,KP6TMQNVC
644,KPZQ87OED
645,KTLCGQXCP
646,KUNVJW21O
647,KWT43VE06
648,KXMYSWDPL
649,KYAQYBOTJ
650,KZ17DSVDO
651,KZQ6N1800
652,L0COBZYMF
653,L1OQTJK1V
654,L3M267CIV
655,L48C9FXIU
656,L50ELG9NA
657,L55LEP2R9
658,L58ODK2SO
659,L5GSV5ZFK
660,L626IQZMN
661,L6D3VOJOS
662,L7QRELV4H
663,L8T9EK8B5
664,L8TA16S2G
665,L9N6I87W6
666,LANSRH6A8
667,LATNWE1A4
668,LCO8UUF4X
669,LCOO2JQGP
670,LCY3M9364
671,LD6UR2REQ
672,LDFLXGU50
673,LDWBWN9NB
674,LE9NNZAMQ
675,LEA8NSYEB
676,LES9NCWVF
677,LGMF1PNBE
678,LKNCIBRLA
679,LKOT6JKJ8
680,LLZZPOTCG
681,LMGWU2RZ2
682,LQJCLGXYD
683,LSKZQ30G8
684,LTVAKP142
685,LW7L54K1Z
686,LXJFWAB34
687,M01Y1DROK
688,M1KDX5IZX
689,M1ZALSR26
690,M2UFQJERX
691,M5BVMDF7V
692,M5CK66I75
693,M71HMHHH8
694,MAWLDGBH4
695,MB05WG7Z0
696,MC0F05ED3
697,ME3YOKULM
698,ME54XLIL5
699,MFREV0SKO
700,MG356UM0H
701,MG8NMVW4H
702,MI2M31APQ
703,MIQE44LIB
704,MK9DNJ2K7
705,MKRIQY6P2
706,ML3R6V1L5
707,MLAUD9PVF
708,MLH1X4OIM
709,MME0RB65M
710,MQS74LH23
711,MQX1SCIJ4
712,MQYXOHMS5
713,MRC272WX1
714,MSAH9X54O
715,MSB4X33SK
716,MU02ZVH6C
717,MVIHWLECK
718,MY637VJ6G
719,MYA5S1MDQ
720,MYAIK9LTN
721,MYO4E7WHG
722,MYYLMIRLZ
723,N12BNG67Q
724,N1H7ZOFK6
725,N1PZ72IP4
726,N2NXQ6O43
727,N2Q6I20MS
728,N3ALKTUA7
729,N44TDT1MJ
730,N6GOECV59
731,N6XXXVIMZ
732,N7JE2QX2F
733,N8S2GM8A1
734,NCRK43H9V
735,NDS9PB7S2
736,NEIF0OXUM
737,NEV758HPR
738,NGAJI2KCU
739,NGCSVU010
740,NI3EKMXBF
741,NJ8Z2U1ZI
742,NJMDYBUSV
743,NKFGJ7B65
744,NM44RKL6U
745,NNPEQQZB0
746,NUFE24ZD0
747,NUMJIXG7D
748,NUSYZ7GAP
749,NV0OPCG6A
750,NWMX0ITW8
751,NWUU33BGR
752,NXBFS1RIM
753,NY71O7C8N
754,O4L6WYB3J
755,O9EQTPH1W
756,O9UEZUP3A
757,OBY53PA0H
758,ODLFFI624
759,OG6A7JCKY
760,OGJCFL50X
761,OIDNP3MF2
762,OJHDL4H88
763,OMM8KZBGP
764,ONOSE2O9P
765,OO4TCDVJ8
766,OP2Y23O8O
767,OQN1KQWE2
768,OQVWTOMES
769,OS9OYB1UB
770,OSUL1J8OJ
771,OT29IFNU9
772,OTRVDI72D
773,OUA0G5ZV9
774,OXKN8RMKX
775,OYPQN2SIK
776,OZ5ZTDAAV
777,OZRWOTCAQ
778,P0PQIJVFO
779,P0UKTMO3M
780,P0YMHOZTV
781,P1EG3VNO6
782,P1NY1ZOVH
783,P1Z5DLXUE
784,P50JJY55A
785,P566R26S7
786,P9QD797NY
787,P9SN3989N
788,PBO9IPUX6
789,PDOGPREPI
790,PEZ80BWBJ
791,PF4U827GF
792,PF6ETI1BR
793,PF8ARQPV4
794,PGGXFB7TL
795,PH9BVJI59
796,PHIVRZ7FW
797,PHZP2U4E7
798,PIJT9WFDF
799,PKTFF4B8G
800,PMNZCMX7A
801,PNLIXV20S
802,PO7RK1MOR
803,POAB8PB8G
804,POGFTLWRX
805,PPJZ1WW76
806,PPTBRNYJ9
807,PS1S0M0C1
808,PT6C6XU8M
809,PTRCNGMDV
810,PTZVE5DPS
811,PUZ5U8Y3U
812,PWSOF4LTZ
813,PX21LWSFS
814,PXXWKDJ3I
815,Q02UL0E8O
816,Q16Q6WWF9
817,Q1GNZYELU
818,Q8GZTEWH5
819,Q9MBDXEUX
820,QBY09LGGF
821,QCNTWNIJD
822,QDG4FF4NP
823,QDXKP6GNC
824,QEH4F2L0P
825,QETPWMCZF
826,QIYOC15TW
827,QJV4ZAZHH
828,QK0MBX0LG
829,QK4SNQKG7
830,QKUKMTQVF
831,QLL7056L3
832,QM58DU9KF
833,QMDU1GT2C
834,QMS6VNE45
835,QNNG3QOG2
836,QPI878BUT
837,QQ9LRUQRY
838,QR622HFSV
839,QRBJFC0ND
840,QRT0YDP6W
841,QSICFU6BF
842,QSPK2QA3K
843,QUIRRFK8X
844,QVV10YL3W
845,QW0KSGUBG
846,QW59QPNS9
847,QWAKZBKIW
848,QWKN1VTVJ
849,QXLVI7Y8W
850,QYON76Q21
851,QYY2GCDWO
852,QZAVQJA2E
853,R1LY9IP38
854,R1ZB1DIGK
855,R2P8C43EG
856,R2W27LFP7
857,R42714NJ9
858,R42GV478G
859,R5T7YUM0R
860,RABB6UNS3
861,RBHKZ9LWU
862,RC3ZH24C2
863,RDH24GVOY
864,RDS3S3PT6
865,RHFAEEW1E
866,RI59VNG34
867,RJ5SSUT51
868,RLHB3HO8G
869,ROEIRVXOH
870,ROFDVO5FV
871,RPE2HA19W
872,RPK1M3YJY
873,RPODS2S0Y
874,RPSVW7D0L
875,RQ446XLOI
876,RRV7DZW0Z
877,RTD5F0I2P
878,RURU2BD5G
879,RX40E9FRZ
880,RZZQ2E6A4
881,S7W1FN9CM
882,SAUOXEVQ3
883,SCR5CT6C9
884,SCV31RZ6Y
885,SF2SXR92S
886,SFDZ56XBX
887,SFHEI8OL9
888,SGCVG0D1C
889,SJHWWSLWN
890,SL1JSUDRT
891,SLAFMGY13
892,SMD1ABKP2
893,SMLUANL7D
894,SN67ZBJHJ
895,SP68S6KBZ
896,SP6LAUQK2
897,SQVT2L7BJ
898,SRXE6KNET
899,SSM6VG9X0
900,SU1CLLFUQ
901,SV41IVLQB
902,SX7JS8HLX
903,SYPPYE6S4
904,SZB2QJ9V0
905,SZMJND13U
906,T14ZPT9G0
907,T1FIH6WC3
908,T27UEH2YD
909,T3NBROMF4
910,T57U85HSN
911,T8G7EMF49
912,TAAEPBVBG
913,TAH92UYTX
914,TASX0WD34
915,TAZRYHC3D
916,TBOBY5ZAD
917,TBQSQW8CU
918,TDY27DYIU
919,TEWNOFC9N
920,TEX6XCIII
921,TFU619FOQ
922,TGDT3SHJT
923,TGOY45NO3
924,TGYK0M7N8
925,TILFL8SDY
926,TIRGA3AS2
927,TK0IPCBPS
928,TKXLIZRP0
929,TL2GAROOW
930,TLLA9UWNA
931,TLSXBTRDJ
932,TLSXEZ5P4
933,TMQAC5DGX
934,TNCB7KWZS
935,TQGZIWQV2
936,TQSGUB3TT
937,TQX3G44RT
938,TR85YAJ2U
939,TRF68497U
940,TSXTJDPG6
941,TTX6GJ24D
942,TUS582DHP
943,TW8ZJW2BC
944,TWA0VS58G
945,TY3TLW3XV
946,TYXUAO2O7
947,TZ8Y7KC68
948,U2YWJAGM7
949,U337LIT8D
950,U5FY1TVBD
951,U6AQVFQ6G
952,U75V884DK
953,UC5WBFGYV
954,UDRKZKY6B
955,UHB3PGN06
956,UIM1C66GE
957,UJBILDBJC
958,UJJLIJ1B6
959,UKMUZ8DFH
960,UKYW8VEDN
961,ULCM0D539
962,UM4GHQ6XN
963,UMS7Z0ISU
964,UNHTG1ZIA
965,UO47E65U8
966,UR84D899D
967,UT0IOTUK6
968,UTGXXUING
969,UV6ENP4ZK
970,UWUM22XMQ
971,UY2S1ZBET
972,UYBU3DR3Q
973,UYV3THM5B
974,V3RDQAIRV
975,V43CCOOMM
976,V45PTIYV3
977,V6TSJRIK0
978,V7VAYE45T
979,VBGSV7OSD
980,VBQWJMOAH
981,VCSICD7A1
982,VEITMA2A0
983,VG2FOQWT4
984,VG45WHQQ0
985,VGY8T3A0O
986,VHV2L7OCA
987,VI35IHSG7
988,VIA83AGOR
989,VIQYLRPCH
990,VJ611URZX
991,VJC0NX5K8
992,VKAINLTWG
993,VNIVB0C93
994,VOOMJPNM6
995,VP92NEQNE
996,VQ1OE3G8H
997,VQO3KIVT3
998,VQQRRAA9M
999,VSJ0AOCZ6
1000,VSSB3FT5T
1001,VWU2KNMJP
1002,VXZDC43K9
1003,VYM2SM3TC
1004,VZF89ZUDA
1005,W03IGS2GP
1006,W0HPSZYHJ
1007,W0SXPWNTW
1008,W1FS3O62I
1009,W2IXEXOMS
1010,W2XDECZQZ
1011,W47ZP7TMA
1012,W4U7S2HRW
1013,W56JVGBHD
1014,W5V9W2L3J
1015,W7MDZZP2H
1016,W8Z03NYUW
1017,WA2FJASHG
1018,WABX5A9RE
1019,WAZ0ZPMEA
1020,WC1YLGD3T
1021,WCGB4TH9N
1022,WDGRGAWD9
1023,WF9142WNV
1024,WFB7OM4VH
1025,WHSLILE5S
1026,WIARFTV1B
1027,WJ10POHMD
1028,WJ3VQ5BAU
1029,WJP2MSPOJ
1030,WJPYQXO1A
1031,WKJHWU9QT
1032,WMZQ3J6J8
1033,WNHT45SSK
1034,WPBBJ87CB
1035,WPSF7SFUH
1036,WQH25CVDR
1037,WTZ9PPB8Q
1038,WU283G53D
1039,WUJQSSOHS
1040,WYDQFWWUT
1041,WYNNIMHTJ
1042,WZ7BDDQPR
1043,X0A6VKTY5
1044,X1LTGM1TC
1045,X340CEI6M
1046,X35OG44KY
1047,X3H3SJGCX
1048,X3T8VR7V9
1049,X3U5EOJX2
1050,X4APP52UM
1051,X5WA2WX0N
1052,X5XRZ62G9
1053,X6AHQ2BH9
1054,X6WLHFN80
1055,X8FVF2HWK
1056,X8IOO7L5O
1057,X9LIQ29HO
1058,X9OJJVTSM
1059,X9VPO1KDM
1060,XBKGDGOCC
1061,XBU0AQO5B
1062,XCA4CH3X2
1063,XDCI645R8
1064,XI5O0VBBB
1065,XID2JQZ2R
1066,XIXTQP33D
1067,XLEYOJ8DI
1068,XMR68IGB1
1069,XOEXOPKNV
1070,XP8OZJH9Z
1071,XQDUDCSKX
1072,XR5EXCQ5Y
1073,XT0LJIRFV
1074,XTPHDK8G3
1075,XVE0L26O4
1076,XW0EGEX9D
1077,XX1GGM4TO
1078,XXFXSROCF
1079,XYI8D2FLD
1080,XYSDC8G2T
1081,XYX29QXRK
1082,Y0XVQEDJU
1083,Y1HI67YRP
1084,Y3SY8952F
1085,Y6B247FKK
1086,Y6CUXKWQF
1087,Y6O5UXVE5
1088,Y6RWQ60PZ
1089,Y6RYWMZEN
1090,Y7LPZI441
1091,Y7N77WSH2
1092,Y7QUEF3ZL
1093,Y82Y93L5Y
1094,Y8597NT5Y
1095,Y918RQ8H5
1096,YA70Z8580
1097,YE4PO8Z6R
1098,YEG73ACF7
1099,YF3IJV2XY
1100,YFTLDEJXI
1101,YGJVQ7Q22
1102,YHJKUM12P
1103,YIK3FJSPA
1104,YJ3L5KSG0
1105,YKUIDNIR9
1106,YKV2TT151
1107,YMHQJVGX2
1108,YOLPBHL5D
1109,YR04SJXS0
1110,YS1ZFIINJ
1111,YVG7OXDJ7
1112,YVLMC9SOJ
1113,YYK8954YD
1114,YZX0D2S0C
1115,Z0ZQM1H8N
1116,Z1W47TEPC
1117,Z2IZRE7O2
1118,Z4ALLUW25
1119,Z5E9ZGU3Q
1120,Z5JLT8PO4
1121,Z5S02MHJ2
1122,Z61W0H45G
1123,Z69T9ZCBA
1124,Z6RSVGEQZ
1125,Z7M2C1S36
1126,Z7VKJ6Z9R
1127,Z82JJCJSM
1128,Z8A79QGNI
1129,Z9D3ZMK6E
1130,ZAMD96J4L
1131,ZDTT7IBWR
1132,ZFAX7ML6F
1133,ZFBZD7ODS
1134,ZIME04OHV
1135,ZLYXW0NL1
1136,ZMOAPVOEV
1137,ZN8G5DUAP
1138,ZOJP9UWO7
1139,ZSHSQ3OEW
1140,ZT4NA9XJM
1141,ZTJCYU20B
1142,ZTSPA3I3M
1143,ZTU6UNTNY
1144,ZU16FFJ25
1145,ZVZRNLRRX
1146,ZWGLJDY5J
1147,ZWZO95YOX
1148,ZYU8SCX0Q
1149,ZZR1QXNHI
1150,ZZZHR6JNE